{"danceMean":0.4721116,"danceStdDev":0.145901316010058,"energyMean":0.751928,"energyStdDev":0.197349640428237,"loudnessMean":-7.73699,"loudnessStdDev":2.77888221387975,"speechinessMean":0.0628812,"speechinessStdDev":0.0489341118358382,"acousticnessMean":0.14842508148,"acousticnessStdDev":0.228701757570624,"livenessMean":0.280228,"livenessStdDev":0.255441000988432,"valenceMean":0.4828642,"valenceStdDev":0.224331597394435,"tempoMean":123.452618,"tempoStdDev":25.8908780583692}
