{"danceMean":0.58807,"danceStdDev":0.119886836793551,"energyMean":0.6993,"energyStdDev":0.18757315071376,"loudnessMean":-5.74664,"loudnessStdDev":2.26482071678796,"speechinessMean":0.045805,"speechinessStdDev":0.0230348807751035,"acousticnessMean":0.231966,"acousticnessStdDev":0.219123086677674,"livenessMean":0.166513,"livenessStdDev":0.106760569135904,"valenceMean":0.54438,"valenceStdDev":0.219787628442007,"tempoMean":126.88495,"tempoStdDev":31.9434376173833}
