{"danceMean":0.46089,"danceStdDev":0.162969780615731,"energyMean":0.7711,"energyStdDev":0.186035431620382,"loudnessMean":-7.99757,"loudnessStdDev":2.73092078028306,"speechinessMean":0.069089,"speechinessStdDev":0.0591370876041679,"acousticnessMean":0.1372752012,"acousticnessStdDev":0.209923573001172,"livenessMean":0.295104,"livenessStdDev":0.265604543483714,"valenceMean":0.462154,"valenceStdDev":0.253737613389274,"tempoMean":122.31781,"tempoStdDev":28.8605995323655}
