{"danceMean":0.568776,"danceStdDev":0.0950906424658554,"energyMean":0.718591,"energyStdDev":0.162001822211355,"loudnessMean":-5.543372,"loudnessStdDev":1.780992577958,"speechinessMean":0.0426228,"speechinessStdDev":0.0241769006535251,"acousticnessMean":0.1907024,"acousticnessStdDev":0.218140011835902,"livenessMean":0.1672122,"livenessStdDev":0.119319987386606,"valenceMean":0.542064,"valenceStdDev":0.214544561062178,"tempoMean":122.97758,"tempoStdDev":31.1821223414159}
